{"trades": 1, "net wealths": [99999998.58500001, 100509398.58500001, 100254698.58500001, 100452798.58500001, 100537698.58500001, 100537698.58500001, 100679198.58500001, 100650898.58500001, 100452798.58500001, 100509398.58500001, 100622598.58500001, 100537698.58500001, 100792398.58500001, 100933898.58500001, 100933898.58500001, 100962198.58500001, 100877298.58500001, 100933898.58500001, 100764098.58500001, 100820698.58500001, 100707498.58500001, 100877298.58500001, 100877298.58500001, 100990498.58500001, 100962198.58500001, 100905598.58500001, 100933898.58500001, 100933898.58500001, 100792398.58500001, 100905598.58500001, 100933898.58500001, 100905598.58500001, 100905598.58500001, 100905598.58500001, 100877298.58500001, 100820698.58500001, 100905598.58500001, 100905598.58500001, 100990498.58500001, 100990498.58500001, 100905598.58500001, 100905598.58500001, 100905598.58500001, 100905598.58500001, 100905598.58500001, 100905598.58500001, 100933898.58500001, 100933898.58500001, 100990498.58500001, 100962198.58500001, 100962198.58500001, 101018798.58500001, 100962198.58500001, 101018798.58500001, 100962198.58500001, 100933898.58500001, 100962198.58500001, 100848998.58500001, 100905598.58500001, 100962198.58500001, 100962198.58500001, 100933898.58500001, 100905598.58500001, 100905598.58500001, 100905598.58500001, 100679198.58500001, 100679198.58500001, 100848998.58500001, 100820698.58500001, 100764098.58500001, 100820698.58500001, 100764098.58500001]}